file_name,lightness
00029210_000.png,77.07372066027898
00029643_000.png,76.79087439156774
00011500_000.png,66.01813687625521
00002617_000.png,71.70054054054054
00018772_000.png,64.38751227725551
00017861_000.png,58.08052004807167
00007981_000.png,76.11293874282664
00018628_000.png,52.95230648944488
00004045_000.png,82.34147092009437
00010210_000.png,100.81150883552334
00000867_000.png,67.05731726404758
00009213_000.png,85.5545233547491
00024826_000.png,52.338204233999704
00022092_000.png,65.26632201673506
00016535_000.png,68.57883791435945
00020896_000.png,69.13222824005689
00010349_000.png,69.22262915487487
00014846_000.png,77.7204462561682
00019414_000.png,64.20967687590553
00025458_000.png,73.19550466497031
00012062_000.png,58.48844554169169
00013498_000.png,52.378873448762725
00010588_000.png,66.87011465129537
00008761_000.png,83.86215680724597
00013771_000.png,71.9273772401097
00027283_000.png,71.66372066067807
00004939_000.png,87.9278064759985
00030446_000.png,85.5125662696036
00015106_000.png,64.14037960986167
00015452_000.png,60.886626371691804
00006290_000.png,93.04865761503963
00002641_000.png,86.45621181262729
00029454_000.png,80.3759749252861
00024684_000.png,63.92253475168048
00016066_000.png,79.06543761978644
00020463_000.png,69.97047466976339
00004563_000.png,87.79051550756854
00002651_000.png,95.48252467105263
00024647_000.png,53.32088995072421
00024130_000.png,91.3269181910569
00019191_000.png,66.85603144705593
00014402_000.png,76.5658450153734
00014836_000.png,59.06228087749174
00001041_000.png,82.5279780704368
00028554_000.png,89.53220313038153
00024799_000.png,58.24322327524712
00018638_000.png,61.682038980509745
00005657_000.png,66.7809825673534
00025163_000.png,59.40410270161561
00028451_000.png,76.19514337925217
00003301_000.png,104.5579551667578
00007746_000.png,91.99168975069252
00010615_000.png,65.36917640663223
00009020_000.png,48.22167442500401
00003352_000.png,80.25851721909335
00008355_000.png,73.63756598899248
00028740_000.png,64.74541162388616
00026268_000.png,62.349542634843864
00002680_000.png,81.4750986859893
00014335_000.png,97.04974129821261
00024818_000.png,68.5949148525578
00009317_000.png,72.5046383184085
00011887_000.png,60.081348083354776
00006131_000.png,92.09554376657825
00024720_000.png,61.362917690825746
00026166_000.png,60.21465454920995
00019110_000.png,87.98774901459466
00012534_000.png,53.46116768660067
00002950_000.png,77.46231184322636
00017590_000.png,66.41411584647987
00022152_000.png,71.1352584723573
00022220_000.png,84.58212010040549
00006509_000.png,84.89020295665247
00023342_000.png,96.60553393860786
00001368_000.png,78.50657159580695
00028459_000.png,84.90813777574499
00021561_000.png,66.12899382048937
00017686_000.png,64.86990987077859
00005033_000.png,95.11468599820803
00015026_000.png,61.63226823031023
00000304_000.png,96.71672718167021
00019461_000.png,64.37581514762516
00013399_000.png,56.914547656114856
00011541_000.png,76.54844739222189
00021647_000.png,63.94279418965236
00030080_000.png,95.78591423845273
00010679_000.png,88.11981566820276
00005860_000.png,85.88160818562348
00001852_000.png,94.59194101287109
00005709_000.png,101.29181756450883
00014318_000.png,53.03949874686717
00029968_000.png,78.4233750256305
00010138_000.png,59.65305814246162
00014134_000.png,58.08951717219714
00008193_000.png,83.3194883784899
00021158_000.png,77.00187796317961
00006637_000.png,67.59976518931612
00003767_000.png,62.467644632360525
00006164_000.png,75.09187165775401
00015705_000.png,69.96998320738875
00016250_000.png,70.15508021390374
00015337_000.png,66.96142844760337
00010482_000.png,62.009121939736346
00010393_000.png,71.53279338273308
00007767_000.png,98.26507276507276
00007440_000.png,36.22782121826431
00015046_000.png,69.99066504483608
00030210_000.png,96.16489338696424
00009847_000.png,96.4805046598618
00030163_000.png,84.9824113083316
00013390_000.png,61.976506058365096
00006853_000.png,79.83234760203783
00005784_000.png,82.87775349908463
00026308_000.png,63.43981091756783
00029939_000.png,44.07118334942603
00011707_000.png,75.64280628471069
00017827_000.png,43.24422918384172
00027171_000.png,70.6702045042713
00002581_000.png,82.61738379753737
00013973_000.png,92.33775006495193
00016913_000.png,76.77526146922789
00006852_000.png,87.17715085826894
00003679_000.png,70.05005288371804
00011775_000.png,64.27916033181297
00029286_000.png,90.28679915621184
00024812_000.png,98.7339158061954
00009794_000.png,75.74950663490984
00008330_000.png,86.37869760635517
00008148_000.png,74.30436890262376
00024122_000.png,78.13299260548064
00013671_000.png,69.33890684277083
00001965_000.png,57.940820933563124
00006211_000.png,83.62242307930416
00012490_000.png,91.26248216833096
00024745_000.png,67.02466732446199
00008784_000.png,95.72824128476303
00011177_000.png,66.71920064644455
00022798_000.png,44.55421207041073
00016767_000.png,69.62863902890649
00005275_000.png,100.46603781711677
00025891_000.png,59.62371179166788
00010453_000.png,62.775532674681585
00010982_000.png,67.79956867861232
00023525_000.png,88.1707776313312
00001553_000.png,70.77109221713538
00026482_000.png,70.99791273517471
00007574_000.png,87.85479924368813
00019128_000.png,68.99337121212122
00024655_000.png,55.04419600877651
00017844_000.png,71.59887308827476
00021752_000.png,91.06180888920733
00024300_000.png,68.53812664563726
00021323_000.png,97.24992101818839
00022871_000.png,50.36608315685066
00005077_000.png,82.39119367045063
00006860_000.png,81.81201418760848
00025748_000.png,76.24416346805148
00005301_000.png,71.56538023895315
00022742_000.png,65.73031039136302
00030292_000.png,89.28457947027195
00001681_000.png,69.17927122296813
00023560_000.png,60.35727217863609
00027862_000.png,74.1274043145442
00004199_000.png,92.12379015860105
00013943_000.png,76.1980418026526
00030557_000.png,95.07712173049332
00020082_000.png,69.90341371750705
00024446_000.png,73.8807599287169
00015873_000.png,55.24420213781256
00023489_000.png,65.56205989649614
00001955_000.png,62.440857426855096
00011874_000.png,71.25484452456061
00011134_000.png,65.41596477229069
00015453_000.png,70.67439473008811
00028692_000.png,96.1723263075722
00011501_000.png,60.622914979757084
00007625_000.png,81.24651965011704
00021493_000.png,73.63478822453044
00024158_000.png,66.66077990746861
00022052_000.png,65.17663897620116
00006362_000.png,101.67373986095018
00001072_000.png,81.47684862225323
00005865_000.png,55.90251948734417
00022362_000.png,56.58798593156779
00004319_000.png,101.72843911327057
00014728_000.png,68.61095849948309
00025999_000.png,78.97534680935394
00017063_000.png,70.13330672520455
00000420_000.png,73.39091070477544
00007200_000.png,57.38150759909371
00021634_000.png,55.02168978562421
00018227_000.png,71.6928269782066
00000237_000.png,79.25703828828829
00027313_000.png,58.85424175587713
00024076_000.png,74.48442514630923
00018696_000.png,62.43679224906662
00027808_000.png,83.17619417140887
00000374_000.png,97.45826485598131
00007359_000.png,96.64142917907273
00020450_000.png,69.8268400810311
00013647_000.png,63.42204086837324
00000680_000.png,66.61438216360496
00006717_002.png,84.91407528641571
00002411_009.png,75.5637587367331
00014828_000.png,63.64867647797479
00009139_000.png,69.10025636330343
00013716_000.png,60.621988598050635
00018003_000.png,76.26341738272997
00015904_001.png,94.7947726773556
00009719_000.png,87.22568324003952
00005481_000.png,88.87976929902396
00030267_001.png,88.24480344169099
00016860_004.png,67.88405379096514
00027577_002.png,83.99629514409344
00005167_000.png,96.35360695095461
00010306_000.png,86.42214731164673
00027374_000.png,84.41126175377214
00005995_005.png,78.29535566673918
00025126_000.png,60.85977340732973
00018157_000.png,58.69815964048791
00010371_000.png,69.82046285018271
00017952_000.png,78.640640313623
00018773_002.png,65.60678671561118
00022291_001.png,64.77485677912158
00019617_000.png,67.4940893088753
00002953_000.png,98.55904761904762
00028747_000.png,98.32189279976632
00018960_000.png,57.387993443518646
00026396_001.png,61.310584059373994
00022190_000.png,71.49833584416494
00030212_000.png,81.16621933319354
00026073_004.png,90.76928514207624
00030759_000.png,99.80846435895842
00002425_000.png,69.054889050679
00012637_000.png,66.18971493054623
00014240_000.png,63.63479680696662
00012003_000.png,66.21136656001583
00023332_000.png,73.48080207128298
00011529_000.png,66.41602326811211
00018393_000.png,63.536143760688404
00028449_000.png,91.50403331298509
00019513_001.png,70.0502956830278
00014834_001.png,72.48360928529827
00002279_000.png,87.07667055733879
00004516_000.png,71.68084281908452
00015407_002.png,75.19888545824234
00004526_000.png,79.60325593226499
00006116_000.png,89.64698274269243
00028436_000.png,71.51379646505319
00008271_000.png,72.6706355506165
00014596_000.png,72.37155813383447
00001748_008.png,61.83131838074398
00008401_001.png,58.26598542089671
00021492_000.png,62.19111111111111
00015979_000.png,66.07656547997458
00011564_000.png,68.82211796901726
00022566_001.png,72.64611079267677
00015319_000.png,91.33811401936178
00028358_001.png,79.60513737224575
00029808_001.png,87.42506903188018
00026223_000.png,73.80154866230815
00008564_000.png,74.12914330977334
00028646_000.png,68.05875722136113
00007485_000.png,78.96868909148067
00030683_000.png,92.75871637419388
00003212_002.png,69.59481899701096
00021898_000.png,63.12483487450462
00015602_000.png,71.48104046242774
00025806_000.png,77.09085092770313
00014753_000.png,62.457426273458445
00004915_000.png,83.42493999563605
00000837_000.png,77.54021385402139
00021176_000.png,80.16001026255024
00026965_002.png,57.14076414041012
00007279_000.png,87.51413635694301
00022539_000.png,73.86346751111381
00022429_001.png,59.4146538746714
00001308_000.png,87.7918692861311
00022622_003.png,63.10578255337198
00023291_000.png,72.28612402632692
00012345_000.png,59.98410516079273
00010661_000.png,60.266089721867424
00015374_000.png,51.72952923163184
00014415_000.png,59.79905707877512
00017324_000.png,68.5565538497325
00004497_002.png,90.92005303798456
00026984_000.png,68.17611136647186
00007217_000.png,76.09623524170193
00018607_001.png,64.1646498650411
00007828_003.png,73.73349158394475
00005468_000.png,70.92906146120659
00013342_000.png,63.71947165330959
00012815_000.png,72.80296790947877
00010439_000.png,60.77284704286348
00008299_001.png,63.79396519807479
00030494_000.png,55.44502535353217
00016167_000.png,69.28670695746109
00030339_001.png,88.36371582962492
00013831_000.png,84.47088063823259
00019937_000.png,65.92538737205764
00021004_000.png,65.04036830043022
00014075_001.png,64.04698230322239
00010389_001.png,61.016124691086155
00027291_000.png,58.46382484747044
00014572_000.png,70.48683613940695
00005918_000.png,67.60627802690583
00000857_004.png,71.55201698513801
00004539_000.png,82.50050826601039
00003066_000.png,57.631789270371975
00000334_000.png,93.33804508499631
00013806_000.png,65.24296475885357
00017967_000.png,43.00136964228166
00022301_002.png,64.40781065737872
00000144_001.png,87.28898720176963
00012078_001.png,59.01367157497422
00027815_000.png,89.55442241910468
00022056_000.png,62.72430319801443
00011647_000.png,68.16999810084512
00006653_002.png,103.72699046351741
00012141_000.png,59.61136495269966
00000339_001.png,57.41741787624141
00002467_002.png,70.63504740313273
00027336_000.png,66.66592192639483
00025534_001.png,78.78841444750536
00000230_001.png,92.54614720373851
00019464_001.png,86.38526261005335
00030633_000.png,93.54353324096677
00007880_004.png,96.91213084014792
00006960_000.png,82.44910268821208
00022169_000.png,83.96497449154676
00019829_000.png,64.21565746136307
00008527_000.png,85.56162695152013
00001047_002.png,75.4054012345679
00021289_000.png,71.85619153732542
00017044_002.png,66.04373769498713
00022659_000.png,80.19181719435169
00018912_000.png,53.97334831821466
00008586_000.png,89.82463054187193
00009508_001.png,93.25442213060248
00004480_000.png,99.21859964547987
00026582_000.png,73.96732530443826
00010443_001.png,48.73741854984056
00000468_000.png,75.4513222507546
00015479_000.png,57.74148861235032
00010634_005.png,58.37301203524608
00007955_002.png,70.95779650393482
00018561_001.png,58.786708811159585
00024601_000.png,76.76637749661354
00003423_000.png,104.44431734618841
00003171_002.png,79.96541656386216
00016699_000.png,80.47631266334047
00001547_001.png,59.005546728296984
00003277_000.png,74.10272362781696
00015425_002.png,59.6685175879397
00000661_000.png,98.19165802661136
00005666_002.png,71.62963265306122
00015306_001.png,69.19134256656616
00014607_000.png,70.27721190935391
00023127_000.png,49.85909340408014
00027331_000.png,65.53410464069933
00026399_005.png,66.32607639521467
00027320_000.png,70.39280038143674
00026393_000.png,63.17035450246872
00027213_004.png,61.78624904507257
00006061_000.png,87.24614534910481
00018944_003.png,68.4354007761274
00004519_000.png,86.28780166477034
00014679_000.png,98.85309975917993
00008802_005.png,54.800332565873624
00017340_001.png,82.39162833723051
00000595_000.png,79.06341463414634
00002990_000.png,81.81375730045426
00025905_001.png,62.17123218180896
00016825_000.png,70.56562891341702
00010099_001.png,66.1423832152784
00018648_000.png,68.34310794780545
00021104_000.png,72.20536106140914
00008556_000.png,78.512881126978
00014043_000.png,68.4983176187835
00004384_000.png,106.9886188271605
00001353_000.png,96.20810093680619
00023177_000.png,66.20505563774361
00013932_000.png,64.56099144290351
00016529_000.png,22.36104970405762
00003876_000.png,96.92106565861123
00013745_000.png,54.92582120377656
00011883_000.png,75.90706852198316
00009108_000.png,80.9608239095315
00009754_000.png,79.06455175183214
00001351_000.png,95.65696148052507
00012241_000.png,70.08135199559929
00010225_000.png,67.44117728111996
00024706_000.png,58.63539341004441
00009413_000.png,68.35395630002364
00005054_000.png,77.08816281828967
00016499_000.png,70.11726496567675
00011905_000.png,65.00513376157676
00018452_000.png,63.493391764051196
00016823_000.png,71.6300541827179
00007690_000.png,67.99865748709122
00004042_000.png,66.93809523809524
00027034_000.png,63.60957859415174
00004681_000.png,74.56895029346076
00029345_000.png,91.71939953810623
00023750_000.png,71.80273194961859
00001602_000.png,44.40635850694444
00022385_000.png,64.31553702963512
00026736_000.png,57.58209319346182
00006810_000.png,96.26011353450852
00008783_000.png,74.40547787780119
00017330_000.png,79.74841941046063
00018946_000.png,66.00940331146516
00003035_000.png,70.18774810251199
00010848_000.png,66.59189259645464
00009564_000.png,87.03579471376082
00014281_000.png,67.6603960887477
00017880_000.png,55.506686749737554
00004076_000.png,80.40286100908564
00023347_000.png,81.76944259804387
00024250_000.png,75.71872706651544
00005946_000.png,73.95805110837438
00021394_000.png,60.65682024659312
00023449_000.png,82.51441985244801
00029049_000.png,88.31623521558647
00007685_000.png,76.28893807698537
00028754_000.png,90.47212445139704
00015926_000.png,70.12799489230149
00029835_000.png,88.28241822429906
00012861_000.png,66.31683576672441
00024755_000.png,86.46012218595699
00027626_000.png,67.78873239436619
00024687_000.png,80.04309425014819
00029359_000.png,97.19979646467999
00028146_000.png,70.09669055970718
00020851_000.png,80.4023213232784
00006807_000.png,89.38034338653642
00011412_000.png,58.184179487179485
00005905_000.png,103.91748425074873
00029622_000.png,91.08226192087336
00005802_000.png,84.1492573215467
00026632_000.png,63.332761845386536
00007488_000.png,91.1029207232267
00029364_000.png,82.64426833599715
00003506_000.png,62.19888195004029
00018422_000.png,59.63914868973505
00005256_000.png,72.44852587159082
00024356_000.png,57.31349958954907
00026455_000.png,68.70348906324298
00013495_000.png,72.28087466440581
00018396_000.png,58.85186325839236
00008833_000.png,94.16399162595953
00021553_000.png,84.25322556725493
00021511_000.png,59.880836360414634
00026577_000.png,58.84420536565437
00000687_000.png,62.03889037791477
00014113_000.png,65.70360523547973
00028603_000.png,83.602892921717
00019969_000.png,77.55292447037151
00002091_000.png,92.69626168224299
00014091_000.png,76.82948173018538
00017428_000.png,73.27754412984244
00024558_000.png,67.25984539331807
00012277_000.png,66.76804175449162
00003750_000.png,86.19696389234748
00001388_000.png,73.29886169607285
00013252_000.png,70.02564519406624
00028687_000.png,88.3592379385965
00006896_000.png,39.32121877071476
00011477_000.png,70.5220590650767
00026093_000.png,80.30023197107184
00004793_000.png,66.55441152750147
00014860_000.png,68.1156323532907
00029416_000.png,83.86329056432383
00014522_000.png,76.72119965895983
00017876_000.png,49.20831792520277
00000717_000.png,92.91471861471861
00025759_000.png,90.0634103953717
00002627_000.png,80.06944695191672
00023962_000.png,55.00201602989625
00001298_000.png,91.08699014111734
00024189_000.png,96.65933699816759
00018970_000.png,57.2710447761194
00027223_000.png,96.8976587722665
00016645_000.png,67.48603318431397
00005309_000.png,90.7737599679021
00019800_000.png,62.711039335563505
00024302_000.png,55.018717796726094
00030114_000.png,80.88658762425764
00018925_000.png,63.66249387060486
00026563_000.png,63.58449017098224
00009051_000.png,76.84472653373781
00023458_000.png,94.57056955611107
00001564_000.png,62.488988608905764
00020134_000.png,65.96691627792782
00004217_000.png,88.3170701883101
00027316_000.png,92.34299906320123
00023229_000.png,64.59526867358471
00030103_000.png,91.02060338484179
00021316_000.png,68.27888640803796
00022626_000.png,64.24871145811095
00028839_000.png,89.65356597600872
00019958_000.png,65.268448417404
00009942_000.png,83.6858870967742
00023694_000.png,63.95224196548848
00000879_000.png,69.13958835946924
00002879_000.png,63.427937280733154
00002023_000.png,89.66790464674382
00002790_000.png,97.30476113097173
00000712_000.png,70.3274375219993
00022820_000.png,63.882676316064156
00028581_000.png,70.81941578028258
00018550_000.png,52.38316793780736
00020619_000.png,77.86071377485338
00008325_000.png,96.82089259440903
00006844_000.png,106.2230319388214
00024009_000.png,58.100039698292974
00005615_000.png,83.31940751993923
00008835_000.png,75.42962552011096
00012181_000.png,61.848452993152826
00001828_000.png,94.28890092574355
00015944_000.png,66.4197483664674
00015035_000.png,64.44976976639713
00016575_000.png,87.7938870852799
00023278_000.png,55.231712128784494
00020439_000.png,65.48543543993054
00024419_000.png,68.07129204252037
00004990_000.png,93.51727406438961
00014487_000.png,74.40627642114687
00001760_000.png,71.68864380492849
00009973_000.png,70.94415038337868
00026407_000.png,88.43518656161736
00010068_000.png,83.46025364919838
00013953_000.png,56.85290206017415
00028681_000.png,96.26412294140177
00000899_000.png,74.19276377846651
00014786_000.png,58.971434129892025
00027986_000.png,67.54604383854584
00023571_000.png,93.0475278551532
00014482_000.png,60.04366634729843
00010195_000.png,65.83339624676445
00006177_000.png,99.56291734197731
00000722_000.png,63.546651767898474
00019225_000.png,84.11855939154425
00018394_000.png,73.17032793928111
00014841_000.png,95.89235691432634
00020102_000.png,80.51219046406518
00022334_000.png,71.5953950221143
00003969_000.png,81.68576178960097
00006528_000.png,108.11394639704702
00024404_000.png,71.36554531819156
00003173_000.png,91.21768668969031
00000554_000.png,62.20055160547557
00029231_000.png,86.7788844621514
00000967_000.png,70.69256825075834
00013325_000.png,69.09131249655476
00009340_000.png,99.03542300669507
00020201_000.png,73.8616794615983
00019641_000.png,72.53649538866931
00029296_000.png,89.6713191861737
00030303_000.png,66.02171204368919
00021008_000.png,53.944618146921336
00026051_000.png,89.26851767075627
00025177_000.png,68.18428391921297
00016646_000.png,74.89169822909203
00025968_000.png,55.86546109401966
00027999_000.png,68.82744495647721
00004127_000.png,89.64813200080488
00006556_000.png,82.31363043072906
00028227_000.png,56.934272826604655
00011715_000.png,61.1383298806353
00017019_000.png,89.43772317633055
00002887_000.png,54.82001418854067
00029566_000.png,84.88277785397523
00018131_000.png,73.183160415004
00010135_000.png,60.764496246312035
00003073_000.png,83.38900264200792
00018054_000.png,73.89566755083996
00022351_000.png,74.9752296680381
00023341_000.png,88.84478993344426
00013754_000.png,69.04725427299277
00023716_000.png,65.82250765520418
00005614_000.png,61.13282842994465
00019501_000.png,58.29598945584635
00021337_000.png,68.70105485851967
00007481_000.png,106.68310816212328
00015511_000.png,63.61461938974374
00022922_000.png,62.28556571824751
00000748_000.png,32.152319496787136
00009480_000.png,80.25764166470726
00022294_000.png,64.12373330262552
00027328_000.png,50.0386931575703
00020238_000.png,66.97386079557914
00012789_000.png,75.57718313911667
00005123_000.png,86.58741294291089
00012516_000.png,78.26145387904704
00020543_000.png,68.07170229612035
00029893_000.png,89.17647818784721
00019170_000.png,59.205722340372915
00011373_000.png,60.62743440233236
00023455_000.png,105.51000531255534
00017335_000.png,71.48165123115339
00001820_000.png,75.4075523380943
00015955_000.png,69.48024918183384
00007752_000.png,101.65953275608561
00016674_000.png,73.83335796848671
00004059_000.png,102.3236381562731
00018041_000.png,64.56864318620894
00029922_000.png,95.55293820817468
00023870_000.png,53.346861270384984
00008485_000.png,82.09170643621823
00021044_000.png,44.66772959183673
00023263_000.png,81.52093512741487
00000048_000.png,64.45448746910463
00002436_000.png,81.4146839180271
00004567_000.png,89.28193234528793
00017103_000.png,64.0846308314659
00019227_000.png,47.064858526024594
00015237_000.png,64.99158437364139
00024362_000.png,66.73652092507194
00014426_000.png,70.41612974894468
00015033_000.png,81.23928236904676
00023243_000.png,58.35686305233469
00003946_000.png,64.20042283298098
00015433_000.png,75.40400245884844
00020893_000.png,73.24436818320818
00022639_000.png,92.81394841832174
00025523_000.png,35.23837580542172
00027024_000.png,61.26911881450119
00016435_000.png,62.869493493004214
00001099_000.png,81.66063519313305
00027669_000.png,87.38317229471727
00009981_000.png,95.82650273224044
00027268_000.png,60.74723292612938
00008119_000.png,72.69151746404461
00012070_000.png,65.06152167134394
00023440_000.png,89.25499364969403
00017409_000.png,68.5504649360713
00007369_000.png,92.36306676547868
00006797_000.png,64.27547469927428
00023423_000.png,95.2211861033718
00002253_000.png,97.87858546168958
00013289_000.png,60.56185410753162
00030108_000.png,78.03925579959085
00017639_000.png,58.640467312950534
00027072_000.png,30.808282879440135
00024351_000.png,58.6743932297211
00013444_000.png,67.44629236996448
00026431_000.png,15.075728814913981
00010692_000.png,66.2135318261776
00016949_000.png,71.77435301924353
00001408_000.png,90.52242076871207
00023250_000.png,72.29567785539842
00030585_000.png,79.60062633921213
00019249_000.png,68.81099544567338
00005102_000.png,62.50153220134633
00009756_000.png,81.69403341288783
00028605_000.png,69.03056397816859
00018433_000.png,74.09121685755869
00006240_000.png,86.78948728550755
00018682_000.png,55.4174252919058
00008332_000.png,72.44403847932661
00011977_000.png,64.45878831076266
00029899_000.png,95.93511943921418
00029171_000.png,91.03786271847956
00024133_000.png,84.5175520711444
00029721_000.png,77.64013191929644
00010650_000.png,75.22962396076112
00022876_000.png,65.62358841902932
00029707_000.png,78.35620975160994
00007159_000.png,90.22887010676156
00013086_000.png,65.1935610964147
00005525_000.png,82.6219809147746
00023192_000.png,18.575463855822306
00025000_000.png,74.57834174579082
00014137_000.png,66.99817986266237
00003731_000.png,89.44993745581117
00005295_000.png,90.39935805388969
00006928_000.png,99.95835229858899
00015781_000.png,64.300583090379
00023273_000.png,75.33173768955244
00000597_000.png,61.697360210532025
00030361_000.png,81.67055308442288
00030627_000.png,76.49447733878782
00025831_000.png,59.81005704071708
00025722_000.png,69.70912620123465
00005046_000.png,85.5229076817301
00028388_000.png,27.780749324700498
00005779_000.png,102.21784103282003
00025275_000.png,80.62638346645653
00008406_000.png,82.29542336949744
00030681_000.png,94.06820699843043
00018585_000.png,65.65310396409873
00028473_000.png,99.24645354865753
00030424_000.png,86.86688403742558
00021691_000.png,71.04487606218429
00027235_000.png,83.84073501963056
00023360_000.png,84.69054287587151
00017476_000.png,68.61174266890582
00028098_000.png,67.45983957219251
00027781_000.png,72.1089902121286
00011166_000.png,71.43431868234126
00023397_000.png,76.88567686406586
00008952_000.png,63.14918514560513
00023858_000.png,59.27942579051625
00013528_000.png,67.32405474367896
00016992_000.png,72.90018495877614
00009634_000.png,36.122156185210784
00003904_000.png,108.59204387329132
00026476_000.png,65.0885339109246
00025136_000.png,93.41880869995057
00022258_000.png,100.0481729096071
00011528_000.png,78.19824979648796
00004944_000.png,93.64098748139718
00004972_000.png,106.39419049353488
00027074_000.png,65.09966514620191
00018139_000.png,85.27371695178849
00003318_000.png,86.55788313120176
00002642_000.png,61.39072788752447
00027868_000.png,89.86767775149576
00012258_000.png,70.06053002537355
00006597_000.png,88.70350088010953
00025030_000.png,96.62377158315194
00018311_000.png,64.50726351351351
00023959_000.png,69.98515806176003
00007761_000.png,71.84855052831212
00007004_000.png,94.65235956710595
00026990_000.png,55.97742070219405
00014138_000.png,65.29476018852232
00020886_000.png,55.61818181818182
00024555_000.png,88.37853978038913
00016994_000.png,56.17748830320778
00001739_000.png,89.71615590598036
00004043_000.png,98.95787496646096
00010902_000.png,73.88248658577851
00014126_000.png,53.25366451325462
00005687_000.png,87.36116832053922
00013852_000.png,63.643980045840635
00025743_000.png,58.407968531912196
00014722_000.png,77.55248500428449
00029544_000.png,83.25021786492374
00004812_000.png,92.40913895438653
00030118_000.png,83.83970644219788
00015623_000.png,74.47864734299517
00025698_000.png,79.61034234522477
00027148_000.png,66.66641957005189
00006707_000.png,92.23988525667842
00010238_000.png,71.13006272748393
00012215_000.png,60.35196854634567
00008089_000.png,79.32831768820174
00009408_000.png,96.59196734996753
00001243_000.png,79.8170687792582
00012642_000.png,62.67803272477564
00001702_000.png,87.2457723648471
00001273_000.png,60.612019819915815
00029040_000.png,88.09129955079203
00023803_000.png,69.71933097059006
00004052_000.png,92.22657433455961
00003814_000.png,91.10277181339059
00007047_000.png,44.71943691413267
00004393_000.png,79.93975633035764
00009148_000.png,63.77640168227675
00020131_000.png,73.60653159963714
00010976_000.png,62.762631721156446
00021486_000.png,65.2833672620925
00011485_000.png,70.13663213765945
00012617_000.png,63.3749094806361
00001345_000.png,81.23990323506499
00014121_000.png,64.7537514911785
00025572_000.png,71.5597701611283
00007385_000.png,67.01307508415866
00009005_000.png,66.98679001912556
00028348_000.png,67.03184165232358
00024909_000.png,83.52476746701277
00015488_000.png,70.46981028558228
00023983_000.png,61.72648817413331
00028494_000.png,94.60338966821467
00017329_000.png,53.66579471013035
00029232_000.png,82.2215544615647
00004886_000.png,87.09189606380242
00023171_000.png,60.252606759235
00026659_000.png,66.83516839378238
00027996_000.png,57.16973062005207
00013008_000.png,101.04784406379208
00015049_000.png,88.71914008321775
00022745_000.png,76.65305273930981
00018040_000.png,81.70910513957736
00020615_000.png,68.09380216657787
00011721_000.png,91.57469144559512
00005590_000.png,96.46456310679612
00004701_000.png,80.23185117967333
00020942_000.png,93.66641000513323
00008728_000.png,84.21417515800336
00004827_000.png,92.0033262446153
00002793_000.png,88.36715867158672
00022744_000.png,50.5196198965217
00022342_000.png,61.174115404026246
00011682_000.png,76.06457122212369
00011687_000.png,68.36866747137789
00023523_000.png,76.19995231282785
00008932_000.png,83.20135505907386
00024557_000.png,66.66772470144564
00030168_000.png,82.84763933510267
00002223_000.png,95.74626511738202
00000342_000.png,84.55965199414247
00004691_000.png,82.00027828797239
00029202_000.png,98.68976412506856
00006161_000.png,99.36959709517492
00005899_000.png,98.3244290543326
00004336_000.png,97.98443473511742
00001177_000.png,79.41910000827198
00018333_000.png,64.55741026875047
00025738_000.png,59.25819857259012
00027699_000.png,94.47964791756118
00027524_000.png,34.681238997401294
00016566_000.png,68.79279626330235
00012180_000.png,59.32026929550373
00001758_000.png,94.1691748832382
00015901_000.png,71.14495119323561
00025396_000.png,54.66864395088978
00023811_000.png,59.28011130568283
00016000_000.png,63.76921118783212
00008331_000.png,72.20491838032648
00006101_000.png,105.59979536651319
00021639_000.png,74.90325060663575
00016433_000.png,62.81057686777478
00013177_000.png,62.702979970688816
00013225_000.png,60.79822328294882
00016219_000.png,62.81862909879901
00022242_000.png,69.807336621455
00004326_000.png,55.59685305360477
00015579_000.png,64.09333611740843
00003038_000.png,91.35508614585792
00009016_000.png,69.66108873479217
00017592_000.png,57.514156610771565
00008059_000.png,75.32780836005081
00006659_000.png,74.12199270959903
00009223_000.png,60.89089225405817
00028351_000.png,73.58242527801899
00003913_000.png,81.92442050277506
00012406_000.png,83.3008334832404
00026651_000.png,63.098168023686156
00027962_000.png,28.981294933057814
00023442_000.png,71.26882239382239
00019111_000.png,67.7351759320731
00006802_000.png,88.4762958731972
00000812_000.png,56.99817658349328
00027928_000.png,35.44793627172058
00013253_000.png,59.40425630887312
00004629_000.png,102.66302343056219
00009902_000.png,80.83223291023963
00006576_000.png,106.19261213720317
00025087_000.png,64.79683116025747
00012860_000.png,74.40005483959419
00026205_000.png,54.5348447333127
00024981_000.png,60.36605802901451
00008616_000.png,83.3273572377158
00004164_000.png,62.515867605847156
00027575_000.png,58.508863515814745
00008725_000.png,94.90405778833568
00018476_000.png,67.4760270933775
00027135_000.png,57.35543502953203
00015053_000.png,72.71897690848434
00029997_000.png,88.39567032415539
00022029_000.png,71.30663823539693
00001608_000.png,68.24146947735417
00001599_000.png,85.44583821805392
00020407_000.png,64.77702564701076
00024109_000.png,63.904567962729644
00022489_000.png,48.642365233911185
00024106_000.png,65.6305452938019
00000325_000.png,70.88431790905454
00024713_000.png,87.13633450817046
00025151_000.png,71.74355319854159
00018165_000.png,63.726248336067854
00001454_000.png,92.78105243143034
00002237_000.png,89.44754686876745
00011970_000.png,65.08813005870705
00001747_000.png,97.42153563780973
00024430_000.png,67.73116031277748
00028149_000.png,70.28607711844839
00003898_000.png,97.90833014275556
00024457_000.png,77.11708701302146
00000701_000.png,67.26367053440104
00021250_000.png,58.93726268064608
00005349_000.png,74.3336869323079
00001870_000.png,69.93515414993529
00007986_000.png,21.23121693121693
00019941_000.png,104.04129014319477
00000654_000.png,63.50764604810997
00015340_000.png,71.02084953523682
00028230_000.png,64.83169167510509
00011726_000.png,63.14281392745863
00000659_000.png,101.58677890566972
00008085_000.png,74.45115604787748
00017545_000.png,64.53248173484108
00008344_000.png,67.64604010532712
00012095_000.png,74.84029599564421
00024674_000.png,56.69503262751365
00027593_000.png,60.31233581284739
00014909_000.png,68.56303441084464
00014020_000.png,60.676516288746676
00012897_000.png,67.52560758366204
00014803_000.png,68.3558311097159
00022527_000.png,65.39047713586129
00019048_000.png,63.22262493901164
00021548_000.png,57.389214250854074
00027639_000.png,18.68234654467734
00018228_000.png,56.08278587693355
00029311_000.png,95.14591345600257
00027158_000.png,66.94029189398765
00010302_000.png,54.271416600946374
00022886_000.png,92.81600425833925
00014761_000.png,74.3454974106837
00017895_000.png,48.014595901398586
00011175_000.png,69.3399806207608
00029734_000.png,82.07125058683327
00006780_000.png,84.96076889814852
00020815_000.png,62.78368546940403
00012838_000.png,78.13965360072926
00008055_000.png,44.40577870527743
00009295_000.png,59.85249066803964
00001776_000.png,86.71027475828917
00002692_000.png,106.48517554440988
00020674_000.png,64.34824265651152
00019995_000.png,65.91592331768388
00001370_000.png,109.92202781516374
00023587_000.png,70.08595676773538
00027056_000.png,42.75933536351004
00008512_000.png,85.67647837015478
00020120_000.png,46.97338304593237
00006813_000.png,68.46813081881118
00028101_000.png,61.03878265553461
00003621_000.png,73.3447970704913
00012224_000.png,66.0395934422464
00023322_000.png,89.4148310302367
00017681_000.png,65.79333483885537
00002269_000.png,91.95384857123616
00005861_000.png,82.9811025032466
00020729_000.png,64.89520760756992
00008532_000.png,99.53093946229349
00029254_000.png,96.33588985400111
00022504_000.png,71.66909529955451
00030796_000.png,94.26534823333024
00026879_000.png,68.91000156030582
00009381_000.png,61.536639958477956
00018935_000.png,60.44136655214665
00008990_000.png,97.9456508174217
00028555_000.png,79.5460950144394
00019578_000.png,63.12112264561447
00007868_000.png,86.86605990188484
00003865_000.png,73.58701728957449
00017101_000.png,68.15658110941129
00010289_000.png,63.194106837744606
00003966_000.png,79.88061257216164
00007903_000.png,99.77912879235038
00018566_000.png,52.974112715631406
00015140_000.png,56.09151146131805
00010160_000.png,83.14586070959264
00004282_000.png,64.05285865310438
00022251_000.png,67.95377709865342
00020421_000.png,82.92807635945978
00014104_000.png,67.85315980478038
00027718_000.png,59.36692680974536
00019771_000.png,76.34551618918461
00013776_000.png,61.170150488371355
00024528_000.png,78.63102732740126
00004041_000.png,99.09200310559007
00016540_000.png,68.23260700389105
00028771_000.png,93.94460595759907
00018727_000.png,75.79073416086014
00024037_000.png,66.47073669030165
00016204_000.png,71.50406805877803
00018604_000.png,59.27948033812932
00015348_000.png,85.10683371298406
00008530_000.png,86.344949942973
00020098_000.png,69.51177298611556
00006027_000.png,47.64987196115601
00020176_000.png,63.667358093903296
00016769_000.png,62.73071504050722
00021928_000.png,60.230107034139635
00030090_000.png,95.83600086906141
00012198_000.png,56.36400727955853
00004566_000.png,102.55379013571665
00017018_000.png,70.59421978143895
00027010_000.png,71.320288959283
00000544_000.png,63.86945405712515
00006814_000.png,72.9493079584775
00028735_000.png,93.8401149599153
00012872_000.png,69.24551165425149
00000014_000.png,73.97892559948791
00015618_002.png,78.55291672851418
00014524_005.png,59.99536389726985
00026822_000.png,70.75790600741846
00005919_000.png,81.91970897752371
00000005_006.png,52.914027248915986
00014674_000.png,70.52452337262464
00006683_002.png,90.58056033174876
00002496_000.png,99.43449656750572
00005674_001.png,105.44685619912705
00018916_000.png,69.78027965284474
00005911_000.png,85.49406201300447
00010131_004.png,61.09274334040734
00016222_001.png,73.92866206555043
00028593_000.png,82.580141734113
00010543_001.png,78.22340786866685
00012217_000.png,66.9377636537488
00010337_000.png,73.80244162978788
00007187_001.png,69.13325596389426
00029654_000.png,40.61493530356072
00007603_000.png,75.85777072396533
00011285_000.png,69.96755693921023
00017186_000.png,66.43564191533657
00005180_000.png,87.69216884198833
00014536_000.png,64.09048458725182
00003595_001.png,90.3487519390777
00013757_000.png,53.35988537161355
00027100_000.png,71.11692488723278
00024313_002.png,99.78897969607968
00026802_000.png,57.15231946437111
00014602_000.png,56.17253199268738
00003529_000.png,68.58829393335232
00010261_001.png,70.35489982203342
00027415_000.png,63.19440907676202
00009734_000.png,78.78673664122137
00027352_000.png,73.8650701730481
00021911_000.png,53.72850994532977
00007173_000.png,103.62793439811341
00015404_000.png,84.1331392987681
00011104_000.png,69.31676367548481
00007182_000.png,60.510693938544875
00026906_002.png,87.18125829069547
00026975_000.png,63.52021994646805
00008046_005.png,68.38238179321169
00027508_001.png,62.55907315101711
00020333_001.png,73.40902535752915
00003517_001.png,82.23719206453019
00029606_000.png,47.420912068531116
00013051_000.png,64.21645361148146
00014615_007.png,68.10031815750204
00010136_000.png,77.68395872219004
00000655_000.png,93.47011292594331
00005049_001.png,62.998578341580775
00002588_000.png,94.92611289582378
00030111_000.png,91.68042592349153
00017165_000.png,65.58356678878182
00017296_000.png,92.31198356140428
00018996_002.png,82.4499273180355
00008626_003.png,58.98797688427445
00017282_000.png,69.1422618047387
00021403_001.png,59.046963776280776
00004242_000.png,82.52087519535611
00018377_001.png,66.17271695224015
00010709_000.png,74.16173306383256
00004074_000.png,96.0678702010969
00018895_000.png,70.44125110326567
00010801_000.png,73.94148391812865
00002408_000.png,87.19550657058076
00022436_000.png,51.12303142676086
00015666_001.png,60.3971827910024
00025657_000.png,65.7406298399587
00019241_002.png,67.99466131856957
00011322_000.png,49.80722054525418
00018328_000.png,64.69899570490146
00018629_000.png,60.52661726273583
00008964_003.png,95.18140570862894
00027600_000.png,65.72455558337506
00013646_006.png,72.78492209294414
00011968_002.png,65.67337602927722
00011797_000.png,98.32851433465193
00014397_004.png,84.83239017840015
00022835_007.png,66.62147215865751
00006832_001.png,67.85028216054359
00007286_001.png,91.69951417004049
00018128_000.png,58.29077198705779
00010727_001.png,66.27750827750828
00029755_001.png,98.2984954685477
00029309_000.png,95.95700942551287
00029689_000.png,76.18049313737399
00012907_015.png,67.07423779103212
00021971_000.png,69.99651967720962
00015279_002.png,70.32435377444155
00005069_001.png,82.93023321315908
00000240_000.png,87.18067204444682
00025228_004.png,80.16228080526776
00027507_000.png,56.66953166111209
00011021_005.png,95.45814823474397
00004582_000.png,56.04759889396761
00005827_000.png,71.2273047672046
00018278_000.png,63.84022138730659
00005549_001.png,67.80859574468086
00025044_000.png,75.31124640726891
00008395_001.png,101.49877516242411
00000001_000.png,67.91964854195848
00017793_000.png,56.13956022187005
00028821_000.png,94.65248002888478
00028588_000.png,41.53339748669761
00008960_000.png,79.04976787885487
00022969_001.png,47.1263875823142
00000189_000.png,77.59982912723449
00018644_000.png,58.9984981545119
00006519_010.png,97.07036923391634
00026676_000.png,64.19990150081651
00019967_001.png,20.349428760658995
00012794_000.png,65.664833172147
00009356_000.png,62.46255736943008
00002685_002.png,50.35457664637521
00025289_001.png,61.18363104193451
00025780_000.png,63.17166143849428
00010733_000.png,67.03305179694907
00002704_002.png,64.92633773453787
00002285_001.png,65.7464850041353
00013272_000.png,97.2088963963964
00026157_001.png,67.93402141945508
00006344_000.png,77.53703570658811
00019118_000.png,90.99291120990027
00021420_000.png,78.59815225693814
00014852_001.png,70.5029317790808
00026966_001.png,53.90803145990011
00014491_000.png,74.18411027221723
00007713_003.png,74.77063776250847
00011023_001.png,59.69202198781756
00017141_000.png,60.49973569834371
00025847_001.png,58.26033454618961
00016943_000.png,69.62912642352602
00006129_000.png,97.36296923511149
00011771_001.png,55.37431906614786
00028192_000.png,95.36089931123448
00003803_000.png,24.088526524248937
00027193_000.png,83.90431266846362
00013104_000.png,67.4323234984194
00003139_000.png,89.53851432492709
00002041_000.png,58.83932038834951
00014404_001.png,64.79560193373423
00008581_002.png,92.10732878604365
00002996_000.png,86.04788519637462
00018016_000.png,63.582438739789964
00020632_001.png,75.90721322900497
00022793_000.png,60.1978677209242
00018855_002.png,66.77300577866829
00007957_002.png,59.478510351035105
00025602_000.png,61.1784362986954
00019365_003.png,63.38322771636061
00015502_003.png,66.67345584125209
00019925_000.png,66.48791924454575
00016214_000.png,65.2528538981151
00028997_000.png,95.24215565456441
00001333_000.png,105.86954675724445
00020755_001.png,73.45211773151472
00024985_000.png,70.79512898788957
00001839_001.png,68.18505663626335
00016285_000.png,81.06596597980915
00006044_000.png,63.54294909936712
00000885_001.png,61.241463006360895
00018683_003.png,86.14403359511344
00025305_000.png,62.64762910607415
00021077_000.png,79.68716408472969
00020947_000.png,81.99022789685795
00026170_000.png,81.58047617327216
00008837_000.png,61.78617356012586
00025599_000.png,65.98632199774124
00028875_000.png,73.09080936128717
00003231_000.png,70.5148253253743
00001382_000.png,52.6308132093182
00014825_000.png,54.48859592986049
00023925_000.png,69.37899879337238
00018426_000.png,60.58429129016735
00015080_000.png,61.52557859461724
00020215_006.png,55.67819387206594
00005487_000.png,104.42267566738263
00012189_001.png,63.99435997325348
00002477_000.png,82.1671067300358
00018336_000.png,61.82085662645538
00005035_000.png,89.08953386103782
00016932_000.png,75.70719773972367
00000491_000.png,81.29131995431555
00014035_001.png,78.3079564651472
00000316_000.png,88.43648763853368
00000406_000.png,99.4271186440678
00021115_001.png,89.97731297967445
00004917_000.png,98.53079741755366
00025184_000.png,56.879788954582814
00027119_000.png,59.372581132836125
00018248_000.png,69.9867005728984
00017012_000.png,73.62926442612556
00007304_000.png,79.24877196452708
00022164_000.png,69.17978348940692
00015170_003.png,73.29268292682927
00018279_001.png,71.99161162483487
00026044_001.png,64.41707443653618
00003887_000.png,83.03239538988683
00025512_000.png,68.81252137150673
00010556_000.png,60.69048228766539
00009711_000.png,71.67718555194321
00010344_003.png,59.76283377672677
00022391_000.png,70.06552154037955
00006846_001.png,76.43405106121193
00022165_001.png,82.45523592867102
00008347_008.png,60.21668039054229
00017439_001.png,61.485537853526
00015879_002.png,72.46439236726223
00020274_000.png,64.08709540034071
00024731_000.png,95.45210384959714
00009730_000.png,71.86240509429341
00023353_000.png,75.53584060890978
00004968_000.png,63.55214801672792
00017243_000.png,44.20688938319855
00004806_000.png,93.7609964561184
00004118_002.png,81.82988267770877
00020684_000.png,70.14088021120428
00012921_000.png,78.20035795482029
00019447_000.png,53.05671507373635
00028162_003.png,70.0152297284299
00001872_001.png,90.06738001432664
00004744_000.png,98.52153110047847
00018101_000.png,67.56406357157766
00001014_000.png,82.74186597716009
00028094_001.png,91.08573896145957
00003584_000.png,104.00452861259778
00025522_000.png,63.18073908174692
00004392_000.png,94.53764787752262
00022192_000.png,75.00592746113989
00019804_002.png,81.08685107297455
00013387_001.png,75.25476013699614
00026331_000.png,71.83618929561032
00009231_008.png,36.60022215490255
00019600_000.png,67.75496736504273
00025681_001.png,56.121917925091715
00018409_001.png,61.07664305391578
00002109_000.png,56.70982243200719
00014316_000.png,72.85509311581741
00026575_000.png,65.0539738551608
00015196_000.png,86.92810298761233
00023005_000.png,68.40051679586563
00027295_001.png,69.71594346367486
00013165_000.png,49.80542067188584
00017753_000.png,52.84863302420812
00000051_000.png,71.25409809353104
00011984_000.png,59.502158634538155
00026694_000.png,82.7451864927593
00006908_000.png,77.99210997628153
00022313_005.png,58.53218456634876
00009692_000.png,71.73623173597629
00009196_000.png,84.71103607606184
00005030_000.png,93.65095986038395
00011062_005.png,80.95906121828953
00007247_001.png,75.35687794076945
00009562_000.png,84.61545250865639
00013774_000.png,62.828460654796096
00022926_000.png,58.683179807064626
00019588_000.png,59.447892868440476
00022519_001.png,61.4851089960086
00010352_003.png,67.26247014824494
00017705_001.png,68.48901266384017
00003280_000.png,84.14346940209373
00001561_000.png,91.57360333189717
00028508_000.png,93.94248485147051
00015333_000.png,68.51270278543006
00017050_000.png,72.89491313474164
00026000_000.png,82.85376985334388
00028924_001.png,98.60548355401674
00020101_000.png,63.03719707499849
00000254_000.png,70.72659037205207
00024895_000.png,54.82445987654321
00009297_008.png,66.29809335522567
00002364_001.png,55.95379040363964
00015858_000.png,64.95591216698553
00006218_000.png,64.73528618438799
00016814_000.png,71.53974965229486
00006741_000.png,78.77706495589415
00000096_000.png,64.71486137006075
00025093_000.png,67.43564125036518
00025183_000.png,72.34272736657375
00017817_001.png,48.504681188858534
00025809_002.png,83.14300508802738
00008226_003.png,68.36549971767363
00025488_000.png,74.02635673103322
00021585_000.png,65.90639650127427
00009992_001.png,60.49147187033732
00005991_007.png,75.7876188394711
00000934_000.png,79.9291361301864
00003725_000.png,75.83154993514916
00001317_000.png,63.60059467734338
00001088_000.png,65.43292081918739
00004090_002.png,78.74684563758389
00020404_000.png,69.5737538755068
00007526_000.png,61.998548761609904
00030107_003.png,82.99967526716655
00014314_000.png,78.76153631024518
00026447_000.png,68.42630167819668
00030220_000.png,90.02550449022715
00026789_001.png,71.9615582577366
00010170_000.png,73.09107193362874
00026737_001.png,82.21673847341008
00028724_000.png,99.40200588503461
00015275_000.png,62.880460486993584
00015857_001.png,78.97983915798837
00017637_002.png,63.756275877503825
00027016_001.png,67.88403584654962
00017632_000.png,69.12685447574596
00028193_000.png,79.2800069669722
00030247_002.png,84.65125156569974
00017621_000.png,54.06712973754137
00015029_000.png,79.08476110878952
00026695_000.png,64.51642232429371
00018357_000.png,72.83328520550582
00003232_000.png,62.49478625732209
00021909_000.png,56.38035186050132
00005079_005.png,86.65006553079948
00027694_000.png,75.01412105688865
00003071_000.png,86.30287872100436
00008926_000.png,54.89269945824682
00000381_000.png,83.18126888217523
00003206_000.png,74.72564783576198
00026545_000.png,48.882045145243794
00022872_000.png,44.499321738287875
00013081_000.png,96.1591916740561
00007199_000.png,62.32120801962609
00001880_003.png,47.78765743073048
00001167_000.png,63.59312683590858
00011886_001.png,76.80806553859658
00007731_000.png,82.71653250773994
00008866_000.png,52.494229682834316
00005166_000.png,88.32644198145216
00001833_001.png,76.69759914979953
00012850_000.png,63.220716213347885
00018234_000.png,54.98656528698834
00002913_001.png,60.57839202092076
00006323_000.png,81.79634474372673
00021967_000.png,82.98423795998627
00016331_000.png,75.039808
00018661_001.png,89.0093598529166
00013884_000.png,57.344410370783386
00020129_002.png,90.65517511250245
00002628_001.png,102.79353369763206
00002491_002.png,82.54048746678988
00023130_000.png,61.831077555780624
00007353_001.png,68.61400657220592
00021600_000.png,92.81968855493848
00017117_000.png,70.08645267803283
00018981_000.png,78.2508326394671
00001945_001.png,86.00361921474007
00017776_000.png,66.15771465231494
00018703_003.png,61.40020838760094
00005365_002.png,58.90845070422535
00029391_000.png,69.53102282997368
00029558_000.png,83.55579426803592
00014772_000.png,64.79925721101714
00010171_000.png,61.95428525997774
00007334_000.png,68.93508771929825
00005254_003.png,94.11748581135863
00002606_000.png,70.8454669207732
00018347_000.png,67.94505112332197
00021518_000.png,76.13732233725214
00009862_001.png,62.21177501432278
00021373_001.png,75.46964810774922
00004928_002.png,70.19361474180415
00025802_000.png,55.02194989281029
00009822_000.png,94.23895875987131
00007406_006.png,77.16629250396977
00012654_000.png,38.347003497187046
00020040_000.png,56.51487459159358
00018751_000.png,61.04807262985563
00021123_002.png,60.05310398279871
00023270_000.png,70.52731098752443
00000487_000.png,62.75174221597084
00011702_000.png,43.49788928903623
00009604_000.png,67.56490624150739
00014792_002.png,55.693518592884104
00018794_001.png,61.52052831599277
00018814_000.png,57.365263819095475
00009977_000.png,91.56039761431411
00004088_001.png,77.03301378992157
00004490_008.png,79.23312035094412
00005855_000.png,83.07828218352653
00027357_000.png,63.340510332279166
00018624_000.png,56.537807986406115
00028453_000.png,65.8301703163017
00011404_001.png,48.97811034174671
00022145_000.png,66.95713546895439
00002456_000.png,87.28165164721524
00016892_000.png,61.27466853480709
00029075_000.png,75.07452926642243
00008092_000.png,62.22292251627935
00009613_000.png,66.761491797676
00013568_000.png,25.99178386380459
00009697_000.png,76.30767721941078
00015977_002.png,64.62917230090385
00017938_001.png,57.95749246410872
00001314_000.png,72.9388028415046
00029971_000.png,89.48528954852895
00029468_000.png,89.41964627151052
00020246_000.png,70.75643815024328
00016239_001.png,70.33439525838118
00018821_005.png,72.72316911161988
00019966_000.png,75.84761354332225
00001045_001.png,79.74151468315301
00018853_001.png,75.1110262894222
00006451_004.png,63.430185392559416
00011091_001.png,65.59075918261769
00004060_003.png,91.09943165831973
00027365_000.png,63.72695842576853
00004588_000.png,92.50933908045977
00021671_000.png,72.2842796026394
00020888_000.png,57.17966682628091
00009412_000.png,69.5248543952323
00021165_001.png,63.35639170544095
00025667_000.png,71.15729308287783
00025582_000.png,58.492126598066726
00002592_003.png,60.8444891264088
00026337_005.png,69.35455417773841
00004315_000.png,92.27323406440256
00016378_001.png,27.71338234131689
00013013_000.png,54.94983293905324
00009739_000.png,77.73920863309353
00017095_000.png,66.65799683862625
00002195_005.png,67.24235649546827
00011618_004.png,81.0082817243473
00008341_001.png,69.77412950519242
00027671_000.png,99.99174596607365
00008865_002.png,68.34292783505154
00029762_002.png,82.71321920453083
00002757_001.png,65.80653905361088
00029439_000.png,87.42646515167989
00019947_000.png,73.66731921814294
00022743_000.png,56.55296691400347
00022665_003.png,54.371573834033875
00020512_000.png,74.12398775830783
00000478_000.png,93.5055059214627
00018707_000.png,58.59745051995974
00007046_003.png,91.30914023372287
00025842_003.png,65.18748942219815
00025749_002.png,67.93360321085046
00012848_000.png,61.941262801901544
00010965_000.png,75.9278182380564
00009720_001.png,66.13548176890495
00012279_000.png,60.418453657374315
00026101_000.png,60.11402317219337
00002833_000.png,85.7019167551712
00029588_000.png,89.41036318951393
00012350_000.png,52.099273476469314
00007510_000.png,53.31025369978858
00029840_002.png,85.56012745912996
00018640_000.png,62.13753487116417
00021686_000.png,60.28825465441863
00024805_000.png,52.961846199436955
00003533_000.png,89.07389976468232
00029817_002.png,71.6245291005291
00003351_002.png,84.89629448452978
00026946_000.png,60.89440547722213
00026505_000.png,85.76649171166409
00002193_000.png,72.71151875884276
00003241_000.png,74.48476389858106
00001053_000.png,83.42178424590485
00005638_000.png,84.1029904757676
00006549_000.png,89.81937040570114
00000649_000.png,81.27102601156069
00010479_011.png,55.97506251420778
00030045_000.png,93.05554086220576
00005506_000.png,91.36240922682614
00002868_000.png,93.11963346343119
00006370_001.png,87.7338045309867
00022506_000.png,54.86874260004736
00015034_003.png,72.58180778032036
00007622_000.png,43.358045740490326
00010548_000.png,56.040933726347816
00001888_000.png,63.668523176428316
00019767_000.png,67.19316163410302
00017017_002.png,61.20468365894683
00017316_000.png,64.15773400519163
00010815_000.png,98.14946147473074
00023802_000.png,52.10042357497277
00020830_002.png,56.59383658319828
00011380_005.png,70.78079079374447
00016233_000.png,66.7389927531819
00011343_000.png,67.29885436111417
00010960_000.png,37.479995017438966
00006596_000.png,85.91312550534543
00016525_001.png,51.3923470372515
00005574_001.png,64.37269242631184
00022666_000.png,65.67827327863004
00026910_000.png,59.92712788055033
00010674_003.png,62.49270891755468
00003882_005.png,94.49193548387096
00012227_001.png,67.68422537595576
00021655_000.png,67.25558780294749
00016498_000.png,58.3973985357879
00005573_000.png,31.62201438423062
00006693_000.png,92.71285034373348
00008822_000.png,67.08629363052395
00014248_000.png,58.27328661204883
00025311_000.png,61.50240874559941
00019980_000.png,64.79860332511132
00028165_000.png,91.47413904852439
00013688_000.png,65.14672538180456
00000583_000.png,62.59508088478046
00011810_000.png,70.8766286777912
00025124_003.png,69.10420721236406
00023629_004.png,59.80240276482528
00030078_000.png,88.03646976312753
00009303_000.png,60.65120312161283
